Fold,RMSE,MAE
1,0.012887172151531148,0.007895701319237303
2,0.03555902973354393,0.01736176774002515
3,0.019864375848770672,0.013374357305434868
4,0.007426032549563771,0.005388114169175492
5,0.12740950229476777,0.06733280999061864
Promedio,0.04062922251563546,0.02227055010489829
