Fold,RMSE,MAE
1,0.01283387804393395,0.007853390226976998
2,0.03537010043549981,0.017368505293919576
3,0.01963747460650827,0.013297495070093365
4,0.0074322593533190755,0.005392134501851304
5,0.12896852654349455,0.06855613777668511
Promedio,0.040848447796551134,0.02249353257390527
